{"cameraMode":{"drawMode":0,"name":"Shaded","section":"Shading Mode"},"sceneLighting":true,"audioPlay":false,"sceneViewState":{"m_AlwaysRefresh":false,"showFog":true,"showSkybox":true,"showFlares":true,"showImageEffects":true,"showParticleSystems":true,"showVisualEffectGraphs":true,"m_FxEnabled":true},"in2DMode":false,"pivot":{"x":116.69738006591797,"y":100.10545349121094,"z":0.20838463306427003},"rotation":{"x":0.18229882419109345,"y":0.1744852215051651,"z":-0.03288143128156662,"w":0.9671100974082947},"size":0.6894735097885132,"orthographic":false}